{
  "demo": "simple_ep_driven_interactions",
  "session": 111,
  "timestamp": "2025-12-31T12:07:20.706275",
  "ep_performance": {
    "total_interactions": 10,
    "proceeded": 7,
    "adjusted": 3,
    "rejected": 0,
    "proceed_rate": 0.7,
    "adjust_rate": 0.3,
    "reject_rate": 0.0
  },
  "agent_trajectories": {
    "alice": {
      "t3_history": [
        0.65,
        0.7000000000000001,
        0.7200000000000001,
        0.7400000000000001,
        0.7800000000000001,
        0.7300000000000001,
        0.7800000000000001,
        0.8300000000000002,
        0.7550000000000002,
        0.7750000000000002
      ],
      "atp_history": [
        95.0,
        90.0,
        80.0,
        70.0,
        62.5,
        52.5,
        47.5,
        42.5,
        30.0,
        20.0
      ],
      "final_t3": 0.7750000000000002,
      "final_atp": 20.0
    },
    "bob": {
      "t3_history": [
        0.55,
        0.6000000000000001,
        0.6200000000000001,
        0.6400000000000001,
        0.6800000000000002,
        0.6300000000000001,
        0.6800000000000002,
        0.7300000000000002,
        0.6550000000000002,
        0.6750000000000003
      ],
      "atp_history": [
        75.0,
        70.0,
        60.0,
        50.0,
        42.5,
        32.5,
        27.5,
        22.5,
        10.0,
        0.0
      ],
      "final_t3": 0.6750000000000003,
      "final_atp": 0.0
    }
  },
  "key_insight": "EP predictions prevented high-risk interactions, preserving agent T3 and ATP"
}