{
  "timestamp": "20260116_120132",
  "baseline_cooperation": 0.5425875977786576,
  "baseline_atp": 6.340700782229261,
  "v2_cooperation": 0.4973022392295928,
  "v2_atp": 5.393149657942709,
  "cooperation_change_pct": -8.346183866800883,
  "atp_change_pct": -14.943949522775176
}