{
  "session": "103",
  "track": "3",
  "focus": "Extended Temporal Testing",
  "timestamp": "2025-12-29T12:14:26.184133",
  "duration_seconds": 0.15267658233642578,
  "all_tests_passed": true,
  "test1_stable": {
    "cycles": 100,
    "min_ci": 0.9076152475087271,
    "avg_ci": 0.9076152475087285,
    "regulations": 0
  },
  "test2_migration": {
    "cycles": 100,
    "min_ci": 0.8274041857909744,
    "avg_ci": 0.8861815354514014,
    "regulations": 0
  },
  "test3_impossible": {
    "regulated_min_ci": 0.8265650584916406,
    "unregulated_min_ci": 0.8265650584916406,
    "improvement": 0.0,
    "regulations": 0
  },
  "key_achievement": "Cascade prevention validated across all scenarios"
}